#Date;Value 18:50 MSK
2021-03-19;74.2706
2021-03-18;74.1646
2021-03-17;73.984
2021-03-16;72.8278
2021-03-15;73.1345
2021-03-12;73.3807
2021-03-11;73.4281
2021-03-10;73.7334
2021-03-09;73.9528
2021-03-05;74.304
2021-03-04;73.577
2021-03-03;74.0315
2021-03-02;73.9603
2021-03-01;73.9223
2021-02-26;74.6686
2021-02-25;74.0595
2021-02-24;73.7598
2021-02-22;74.3309
2021-02-20;74.0656
2021-02-19;73.981
2021-02-18;74.0395
2021-02-17;74.036
2021-02-16;73.6718
2021-02-15;73.3012
2021-02-12;73.845
2021-02-11;73.603
2021-02-10;73.9458
2021-02-09;74.0488
2021-02-08;74.2387
2021-02-05;74.6484
2021-02-04;75.7287
2021-02-03;75.9381
2021-02-02;75.6652
2021-02-01;76.0129
2021-01-29;75.484
2021-01-28;76.0347
2021-01-27;75.6135
2021-01-26;75.0668
2021-01-25;75.7978
2021-01-22;75.1395
2021-01-21;73.6567
2021-01-20;73.4492
2021-01-19;73.7571
2021-01-18;74.1581
2021-01-15;73.7393
2021-01-14;73.2849
2021-01-13;73.5289
2021-01-12;73.6482
2021-01-11;74.8048
2021-01-08;74.2138
2021-01-06;73.9155
2021-01-05;74.2024
2021-01-04;74.0773
2020-12-30;74.6769
2020-12-29;73.7651
2020-12-28;73.7895
2020-12-25;74.1945
2020-12-24;73.9798
2020-12-23;74.9568
2020-12-22;75.4428
2020-12-21;75.137
2020-12-18;73.5329
2020-12-17;72.865
2020-12-16;73.5765
2020-12-15;73.5893
2020-12-14;73.3374
2020-12-11;73.056
2020-12-10;73.073
2020-12-09;73.7169
2020-12-08;73.3988
2020-12-07;73.5295
2020-12-04;73.9106
2020-12-03;74.3841
2020-12-02;75.241
2020-12-01;75.6358
2020-11-30;76.3634
2020-11-27;76.0128
2020-11-26;75.6412
2020-11-25;75.8501
2020-11-24;75.7706
2020-11-23;76.3755
2020-11-20;76.1186
2020-11-19;76.2335
2020-11-18;76.0116
2020-11-17;76.4041
2020-11-16;76.4761
2020-11-13;77.6204
2020-11-12;76.9677
2020-11-11;76.9813
2020-11-10;76.6201
2020-11-09;76.1311
2020-11-06;77.4163
2020-11-05;76.9938
2020-11-03;79.2113
2020-11-02;80.6471
2020-10-30;79.4671
2020-10-29;79.0952
2020-10-28;78.6892
2020-10-27;76.935
2020-10-26;76.1519
2020-10-23;76.2267
2020-10-22;76.4392
2020-10-21;76.7631
2020-10-20;77.4114
2020-10-19;77.547
2020-10-16;77.8529
2020-10-15;78.382
2020-10-14;77.5428
2020-10-13;77.0918
2020-10-12;77.0997
2020-10-09;76.6786
2020-10-08;77.3784
2020-10-07;78.279
2020-10-06;77.9894
2020-10-05;78.411
2020-10-02;78.2685
2020-10-01;77.51
2020-09-30;77.674
2020-09-29;79.3265
2020-09-28;79.0261
2020-09-25;78.3535
2020-09-24;77.1736
2020-09-23;76.8317
2020-09-22;76.1678
2020-09-21;76.3705
2020-09-18;75.6835
2020-09-17;75.2973
2020-09-16;74.8643
2020-09-15;74.8955
2020-09-14;75.0933
2020-09-11;74.9662
2020-09-10;75.0288
2020-09-09;75.4181
2020-09-08;76.5073
2020-09-07;75.8081
2020-09-04;75.4379
2020-09-03;75.5078
2020-09-02;75.4251
2020-09-01;73.534
2020-08-31;74.2424
2020-08-28;74.1784
2020-08-27;75.016
2020-08-26;75.5111
2020-08-25;75.3037
2020-08-24;74.469
2020-08-21;74.7764
2020-08-20;74.094
2020-08-19;73.1488
2020-08-18;73.2768
2020-08-17;73.4761
2020-08-14;72.8655
2020-08-13;73.176
2020-08-12;73.6026
2020-08-11;73.0579
2020-08-10;73.5598
2020-08-07;73.6455
2020-08-06;73.4102
2020-08-05;72.7875
2020-08-04;73.5073
2020-08-03;73.4045
2020-07-31;74.3012
2020-07-30;73.6876
2020-07-29;72.6192
2020-07-28;72.5245
2020-07-27;71.7758
2020-07-24;71.8121
2020-07-23;71.2081
2020-07-22;71.1479
2020-07-21;70.6633
2020-07-20;71.4298
2020-07-17;71.8745
2020-07-16;71.2713
2020-07-15;70.9983
2020-07-14;71.0548
2020-07-13;70.6032
2020-07-10;70.8353
2020-07-09;71.0074
2020-07-08;71.218
2020-07-07;71.324
2020-07-06;71.6151
2020-07-03;71.4536
2020-07-02;70.3794
2020-06-30;71.2637
2020-06-29;70.3303
2020-06-26;69.7828
2020-06-25;69.1783
2020-06-23;68.6504
2020-06-22;69.2648
2020-06-19;69.5418
2020-06-18;69.734
2020-06-17;69.7287
2020-06-16;69.6679
2020-06-15;70.1183
2020-06-11;69.8125
2020-06-10;68.6758
2020-06-09;68.5792
2020-06-08;68.355
2020-06-05;68.4234
2020-06-04;69.3092
2020-06-03;68.5047
2020-06-02;68.9409
2020-06-01;69.4435
2020-05-29;70.6311
2020-05-28;70.5247
2020-05-27;71.2328
2020-05-26;70.8238
2020-05-25;71.6008
2020-05-22;71.816
2020-05-21;70.9987
2020-05-20;71.2263
2020-05-19;72.5639
2020-05-18;72.6745
2020-05-15;73.7829
2020-05-14;73.982
2020-05-13;73.9056
2020-05-12;73.1836
2020-05-08;73.2302
2020-05-07;73.6601
2020-05-06;74.6038
2020-05-05;73.7686
2020-05-04;75.2048
2020-04-30;74.2186
2020-04-29;73.2933
2020-04-28;74.1628
2020-04-27;74.7357
2020-04-24;74.6398
2020-04-23;74.4653
2020-04-22;76.0479
2020-04-21;77.4375
2020-04-20;74.4846
2020-04-17;74.0317
2020-04-16;74.2604
2020-04-15;75.1972
2020-04-14;73.1614
2020-04-13;73.6147
2020-04-10;73.8648
2020-04-09;73.6583
2020-04-08;75.4658
2020-04-07;75.4707
2020-04-06;76.2555
2020-04-03;77.181
2020-04-02;77.5609
2020-04-01;78.8904
2020-03-31;77.9078
2020-03-30;79.9714
2020-03-27;79.1763
2020-03-26;77.1263
2020-03-25;78.7058
2020-03-24;78.8428
2020-03-23;80.32
2020-03-20;79.4734
2020-03-19;79.4225
2020-03-18;79.9663
2020-03-17;74.9837
2020-03-16;73.8543
2020-03-13;73.5824
2020-03-12;74.5306
2020-03-11;72.3005
2020-03-10;71.9464
2020-03-06;68.103
2020-03-05;67.0272
2020-03-04;66.0801
2020-03-03;65.447
2020-03-02;66.8429
2020-02-28;67.5054
2020-02-27;66.2643
2020-02-26;65.0519
2020-02-25;65.4105
2020-02-21;64.1742
2020-02-20;64.1013
2020-02-19;63.6257
2020-02-18;63.8977
2020-02-17;63.4852
2020-02-14;63.5606
2020-02-13;63.4747
2020-02-12;63.154
2020-02-11;63.3818
2020-02-10;64.1459
2020-02-07;64.0663
2020-02-06;63.3695
2020-02-05;62.869
2020-02-04;63.0698
2020-02-03;63.595
2020-01-31;63.8869
2020-01-30;63.4015
2020-01-29;62.7534
2020-01-28;62.376
2020-01-27;63.0323
2020-01-24;61.952
2020-01-23;61.9974
2020-01-22;62.0058
2020-01-21;61.8591
2020-01-20;61.6025
2020-01-17;61.4921
2020-01-16;61.672
2020-01-15;61.5899
2020-01-14;61.431
2020-01-13;61.2974
2020-01-10;60.9419
2020-01-09;61.3246
2020-01-08;61.6545
2020-01-06;61.843
2020-01-03;61.9571
2019-12-30;61.9473
2019-12-27;62.0219
2019-12-26;62.2236
2019-12-25;61.8335
2019-12-24;61.9749
2019-12-23;62.2618
2019-12-20;62.3509
2019-12-19;62.3702
2019-12-18;62.5678
2019-12-17;62.4263
2019-12-16;62.4196
2019-12-13;62.874
2019-12-12;62.7716
2019-12-11;63.6096
2019-12-10;63.5232
2019-12-09;63.6842
2019-12-06;63.7022
2019-12-05;63.8528
2019-12-04;63.899
2019-12-03;64.2376
2019-12-02;64.2258
2019-11-29;64.2847
2019-11-28;64.0816
2019-11-27;64.0293
2019-11-26;64.0695
2019-11-25;64.0018
2019-11-22;63.8017
2019-11-21;63.7213
2019-11-20;63.867
2019-11-19;63.8378
2019-11-18;63.8436
2019-11-15;63.7861
2019-11-14;64.0672
2019-11-13;64.2791
2019-11-12;64.1447
2019-11-11;63.8623
2019-11-08;63.795
2019-11-07;63.7349
2019-11-06;63.8195
2019-11-05;63.6201
2019-11-01;63.4266
2019-10-31;64.0699
2019-10-30;64.0461
2019-10-29;63.8533
2019-10-28;63.7421
2019-10-25;63.6918
2019-10-24;64.1142
2019-10-23;63.8332
2019-10-22;63.6145
2019-10-21;63.7168
2019-10-18;63.9894
2019-10-17;63.9739
2019-10-16;64.1611
2019-10-15;64.2634
2019-10-14;64.3206
2019-10-11;64.1608
2019-10-10;64.4168
2019-10-09;64.871
2019-10-08;65.2978
2019-10-07;64.8827
2019-10-04;64.6675
2019-10-03;65.2565
2019-10-02;65.2076
2019-10-01;65.3761
2019-09-30;64.8788
2019-09-27;64.4663
2019-09-26;64.2446
2019-09-25;64.2205
2019-09-24;63.8606
2019-09-23;63.8867
2019-09-20;63.9568
2019-09-19;63.888
2019-09-18;64.2417
2019-09-17;64.3238
2019-09-16;63.955
2019-09-13;64.2443
2019-09-12;64.8073
2019-09-11;65.5088
2019-09-10;65.3397
2019-09-09;65.5042
2019-09-06;65.7426
2019-09-05;66.0939
2019-09-04;66.1248
2019-09-03;67.0457
2019-09-02;66.7236
2019-08-30;66.741
2019-08-29;66.5435
2019-08-28;66.5829
2019-08-27;66.5625
2019-08-26;66.0284
2019-08-23;66.08
2019-08-22;65.7025
2019-08-21;65.799
2019-08-20;66.583
2019-08-19;66.8683
2019-08-16;66.4493
2019-08-15;66.1626
2019-08-14;65.947
2019-08-13;65.0535
2019-08-12;65.4797
2019-08-09;65.466
2019-08-08;65.157
2019-08-07;65.5823
2019-08-06;65.3007
2019-08-05;65.082
2019-08-02;65.1608
2019-08-01;63.8614
2019-07-31;63.4543
2019-07-30;63.6775
2019-07-29;63.4945
2019-07-26;63.45
2019-07-25;63.1726
2019-07-24;63.0906
2019-07-23;63.2408
2019-07-22;63.0491
2019-07-19;62.9855
2019-07-18;63.076
2019-07-17;62.7735
2019-07-16;62.8154
2019-07-15;62.6273
2019-07-12;63.0461
2019-07-11;62.822
2019-07-10;63.1717
2019-07-09;63.7482
2019-07-08;63.532
2019-07-05;63.8566
2019-07-04;63.4444
2019-07-03;63.4744
2019-07-02;63.3036
2019-07-01;62.9637
2019-06-28;63.1141
2019-06-27;63.0843
2019-06-26;63.0471
2019-06-25;62.8268
2019-06-24;62.7437
2019-06-21;63.2605
2019-06-20;62.9542
2019-06-19;63.8572
2019-06-18;64.0063
2019-06-17;64.238
2019-06-14;64.3476
2019-06-13;64.5108
2019-06-11;64.5309
2019-06-10;64.683
2019-06-07;64.8506
2019-06-06;65.1177
2019-06-05;65.3041
2019-06-04;65.2016
2019-06-03;65.3872
2019-05-31;65.2353
2019-05-30;65.1219
2019-05-29;65.2092
2019-05-28;64.6768
2019-05-27;64.3911
2019-05-24;64.5071
2019-05-23;64.6785
2019-05-22;64.2991
2019-05-21;64.4398
2019-05-20;64.4893
2019-05-17;64.7144
2019-05-16;64.464
2019-05-15;64.5313
2019-05-14;65.0168
2019-05-13;65.4496
2019-05-10;65.27
2019-05-08;65.0057
2019-05-07;65.2792
2019-05-06;65.2446
2019-05-03;65.1284
2019-05-02;65.5263
2019-04-30;64.5824
2019-04-29;64.5079
2019-04-26;64.7653
2019-04-25;64.7483
2019-04-24;64.2779
2019-04-23;63.7948
2019-04-22;63.8334
2019-04-19;64.0601
2019-04-18;63.9089
2019-04-17;63.9315
2019-04-16;64.2323
2019-04-15;64.2963
2019-04-12;64.3327
2019-04-11;64.5503
2019-04-10;64.3423
2019-04-09;64.8597
2019-04-08;65.0304
2019-04-05;65.2994
2019-04-04;65.4737
2019-04-03;65.1559
2019-04-02;65.4745
2019-04-01;65.4085
2019-03-29;65.6568
2019-03-28;65.0338
2019-03-27;64.9098
2019-03-26;64.3545
2019-03-25;64.0535
2019-03-22;64.715
2019-03-21;63.8304
2019-03-20;64.3329
2019-03-19;64.3915
2019-03-18;64.4841
2019-03-15;65.1951
2019-03-14;65.5063
2019-03-13;65.4505
2019-03-12;65.7081
2019-03-11;66.0169
2019-03-07;66.1418
2019-03-06;65.9398
2019-03-05;65.8317
2019-03-04;65.7177
2019-03-01;65.7454
2019-02-28;65.886
2019-02-27;65.8778
2019-02-26;65.8528
2019-02-25;65.4028
2019-02-22;65.4186
2019-02-21;65.47
2019-02-20;65.6159
2019-02-19;65.991
2019-02-18;66.1715
2019-02-15;66.6203
2019-02-14;67.0418
2019-02-13;65.7607
2019-02-12;65.6578
2019-02-11;65.8249
2019-02-08;65.7226
2019-02-07;65.8815
2019-02-06;65.8043
2019-02-05;65.5873
2019-02-04;65.6372
2019-02-01;65.5856
2019-01-31;65.3962
2019-01-30;65.9968
2019-01-29;66.061
2019-01-28;66.1838
2019-01-25;66.0223
2019-01-24;65.8256
2019-01-23;66.1495
2019-01-22;66.4824
2019-01-21;66.3953
2019-01-18;66.2386
2019-01-17;66.6395
2019-01-16;66.5183
2019-01-15;66.9418
2019-01-14;67.009
2019-01-11;67.0339
2019-01-10;67.1275
2019-01-09;66.9748
2019-01-08;67.0412
2019-01-04;67.8064
2019-01-03;68.8594
2018-12-29;69.8395
2018-12-28;69.6895
2018-12-27;69.402
2018-12-26;69.062
2018-12-25;68.8148
2018-12-24;68.3649
2018-12-21;68.6436
2018-12-20;68.4105
2018-12-19;67.5685
2018-12-18;66.9401
2018-12-17;66.7463
2018-12-14;66.7484
2018-12-13;66.3461
2018-12-12;66.3282
2018-12-11;66.4701
2018-12-10;66.4371
2018-12-07;66.144
2018-12-06;67.0093
2018-12-05;66.8169
2018-12-04;66.5917
2018-12-03;66.6295
2018-11-30;66.9269
2018-11-29;66.2049
2018-11-28;67.367
2018-11-27;67.0631
2018-11-26;67.077
2018-11-23;66.2845
2018-11-22;65.5713
2018-11-21;65.886
2018-11-20;66.0478
2018-11-19;65.8437
2018-11-16;65.8579
2018-11-15;66.3238
2018-11-14;67.0663
2018-11-13;68.0113
2018-11-12;67.6478
2018-11-09;67.5194
2018-11-08;66.4965
2018-11-07;66.1649
2018-11-06;66.0158
2018-11-02;66.0121
2018-11-01;65.6933
2018-10-31;65.8098
2018-10-30;65.55
2018-10-29;65.6049
2018-10-26;65.7752
2018-10-25;65.5403
2018-10-24;65.4214
2018-10-23;65.6213
2018-10-22;65.1325
2018-10-19;65.544
2018-10-18;65.7197
2018-10-17;65.33
2018-10-16;65.315
2018-10-15;65.6308
2018-10-12;66.3249
2018-10-11;66.3198
2018-10-10;66.6135
2018-10-09;66.3979
2018-10-08;66.7515
2018-10-05;66.5975
2018-10-04;66.8994
2018-10-03;65.6871
2018-10-02;65.3098
2018-10-01;65.3756
2018-09-28;65.4168
2018-09-27;65.6247
2018-09-26;65.8736
2018-09-25;65.8646
2018-09-24;65.8229
2018-09-21;66.5051
2018-09-20;66.3074
2018-09-19;66.7882
2018-09-18;67.395
2018-09-17;68.011
2018-09-14;67.9192
2018-09-13;68.4718
2018-09-12;68.8261
2018-09-11;69.6693
2018-09-10;70.5195
2018-09-07;69.6254
2018-09-06;69.3362
2018-09-05;68.4145
2018-09-04;68.0098
2018-09-03;68.1048
2018-08-31;67.6556
2018-08-30;68.2713
2018-08-29;68.185
2018-08-28;67.6703
2018-08-27;67.2079
2018-08-24;67.4683
2018-08-23;68.1963
2018-08-22;67.9243
2018-08-21;67.3391
2018-08-20;67.1979
2018-08-17;67.4823
2018-08-16;66.7876
2018-08-15;67.681
2018-08-14;66.4964
2018-08-13;67.9418
2018-08-10;67.8088
2018-08-09;66.3037
2018-08-08;64.8555
2018-08-07;63.4951
2018-08-06;63.6337
2018-08-03;63.2197
2018-08-02;63.3698
2018-08-01;62.8684
2018-07-31;62.3324
2018-07-30;62.2149
2018-07-27;62.7101
2018-07-26;62.881
2018-07-25;62.9886
2018-07-24;62.7479
2018-07-23;63.0437
2018-07-20;63.531
2018-07-19;63.5812
2018-07-18;63.151
2018-07-17;62.4811
2018-07-16;62.2813
2018-07-13;62.1495
2018-07-12;62.1231
2018-07-11;62.0332
2018-07-10;61.9647
2018-07-09;62.657
2018-07-06;62.9627
2018-07-05;63.1005
2018-07-04;63.2513
2018-07-03;63.1885
2018-07-02;63.4416
2018-06-29;62.6669
2018-06-28;63.0045
2018-06-27;63.1143
2018-06-26;63.1125
2018-06-25;62.8971
2018-06-22;62.9723
2018-06-21;63.695
2018-06-20;63.507
2018-06-19;63.7967
2018-06-18;63.6137
2018-06-15;63.1015
2018-06-14;62.2185
2018-06-13;62.3341
2018-06-11;62.665
2018-06-09;62.542
2018-06-08;62.5117
2018-06-07;62.295
2018-06-06;61.9343
2018-06-05;62.2711
2018-06-04;62.0455
2018-06-01;62.1005
2018-05-31;62.3795
2018-05-30;62.2373
2018-05-29;62.6825
2018-05-28;62.3797
2018-05-25;62.1078
2018-05-24;61.575
2018-05-23;61.5602
2018-05-22;60.9809
2018-05-21;61.6538
2018-05-18;62.4852
2018-05-17;61.9457
2018-05-16;61.9148
2018-05-15;62.457
2018-05-14;61.7603
2018-05-11;61.8776
2018-05-10;61.7671
2018-05-08;63.4934
2018-05-07;62.7155
2018-05-04;62.9013
2018-05-03;63.4965
2018-05-02;63.9273
2018-04-30;62.98
2018-04-28;62.1687
2018-04-27;62.1204
2018-04-26;62.7936
2018-04-25;62.402
2018-04-24;61.5332
2018-04-23;61.9492
2018-04-20;61.3839
2018-04-19;60.9117
2018-04-18;61.1594
2018-04-17;61.5503
2018-04-16;62.2309
2018-04-13;62.0383
2018-04-12;61.8805
2018-04-11;63.7339
2018-04-10;62.7784
2018-04-09;60.1535
2018-04-06;58.1197
2018-04-05;57.7093
2018-04-04;57.5392
2018-04-03;57.65
2018-04-02;57.6058
2018-03-30;57.2599
2018-03-29;57.4631
2018-03-28;57.7563
2018-03-27;57.2942
2018-03-26;57.3469
2018-03-23;57.0769
2018-03-22;57.1983
2018-03-21;57.2797
2018-03-20;57.4659
2018-03-19;57.9073
2018-03-16;57.63
2018-03-15;57.3955
2018-03-14;57.2854
2018-03-13;56.825
2018-03-12;56.9075
2018-03-09;56.6485
2018-03-07;56.8261
2018-03-06;56.6239
2018-03-05;56.8618
2018-03-02;57.1513
2018-03-01;56.8119
2018-02-28;56.2861
2018-02-27;56.2803
2018-02-26;55.9628
2018-02-22;56.583
2018-02-21;56.6108
2018-02-20;56.547
2018-02-19;56.4214
2018-02-16;56.2398
2018-02-15;56.5381
2018-02-14;57.1396
2018-02-13;57.7868
2018-02-12;57.9817
2018-02-09;58.3693
2018-02-08;57.9528
2018-02-07;57.1622
2018-02-06;57.1994
2018-02-05;56.7556
2018-02-02;56.4783
2018-02-01;56.0946
2018-01-31;56.2555
2018-01-30;56.3449
2018-01-29;56.4134
2018-01-26;56.1947
2018-01-25;55.7395
2018-01-24;56.2361
2018-01-23;56.4146
2018-01-22;56.5818
2018-01-19;56.671
2018-01-18;56.5748
2018-01-17;56.7396
2018-01-16;56.4024
2018-01-15;56.35
2018-01-12;56.5153
2018-01-11;56.6713
2018-01-10;56.9568
2018-01-09;57.035
2018-01-05;57.0035
2018-01-04;57.0176
2018-01-03;57.3287
2017-12-29;57.5708
2017-12-28;57.5758
2017-12-27;57.7488
2017-12-26;57.6968
2017-12-25;57.97
2017-12-22;58.3315
2017-12-21;58.5162
2017-12-20;58.6613
2017-12-19;58.8115
2017-12-18;58.5793
2017-12-15;58.8195
2017-12-14;58.7915
2017-12-13;58.8358
2017-12-12;59.196
2017-12-11;59.1477
2017-12-08;59.2313
2017-12-07;59.1812
2017-12-06;59.1441
2017-12-05;58.7047
2017-12-04;58.8837
2017-12-01;58.5383
2017-11-30;58.4805
2017-11-29;58.456
2017-11-28;58.4021
2017-11-27;58.2472
2017-11-24;58.3845
2017-11-23;58.4182
2017-11-22;58.7085
2017-11-21;59.1775
2017-11-20;59.4583
2017-11-17;59.305
2017-11-16;59.6378
2017-11-15;60.1456
2017-11-14;60.0423
2017-11-13;59.441
2017-11-10;59.0766
2017-11-09;59.2297
2017-11-08;59.2333
2017-11-07;59.2026
2017-11-03;59.0965
2017-11-02;58.3782
2017-11-01;58.2464
2017-10-31;58.4061
2017-10-30;57.88
2017-10-27;58.2598
2017-10-26;57.6605
2017-10-25;57.7423
2017-10-24;57.6302
2017-10-23;57.48
2017-10-20;57.532
2017-10-19;57.3454
2017-10-18;57.4828
2017-10-17;57.4909
2017-10-16;57.2901
2017-10-13;57.1619
2017-10-12;57.6905
2017-10-11;57.8913
2017-10-10;57.93
2017-10-09;58.3143
2017-10-06;58.1515
2017-10-05;57.5031
2017-10-04;57.5416
2017-10-03;57.9024
2017-10-02;57.9343
2017-09-29;57.5643
2017-09-28;57.9813
2017-09-27;58.1749
2017-09-26;57.8795
2017-09-25;57.655
2017-09-22;57.5397
2017-09-21;57.9416
2017-09-20;57.7471
2017-09-19;58.2188
2017-09-18;57.9603
2017-09-15;57.5913
2017-09-14;57.432
2017-09-13;57.8618
2017-09-12;57.6901
2017-09-11;57.151
2017-09-08;57.1953
2017-09-07;57.0117
2017-09-06;57.3454
2017-09-05;57.3485
2017-09-04;57.8012
2017-09-01;57.5609
2017-08-31;58.1331
2017-08-30;58.3583
2017-08-29;58.6953
2017-08-28;58.5726
2017-08-25;58.7906
2017-08-24;59.2115
2017-08-23;59.0434
2017-08-22;59.0198
2017-08-21;59.0169
2017-08-18;59.1735
2017-08-17;59.1481
2017-08-16;59.4361
2017-08-15;59.7964
2017-08-14;59.6285
2017-08-11;59.9235
2017-08-10;59.9963
2017-08-09;60.1415
2017-08-08;59.7668
2017-08-07;60.1066
2017-08-04;59.9371
2017-08-03;60.1418
2017-08-02;60.6187
2017-08-01;60.2605
2017-07-31;60.0408
2017-07-28;59.5225
2017-07-27;59.436
2017-07-26;59.6675
2017-07-25;59.9978
2017-07-24;60.0326
2017-07-21;59.1728
2017-07-20;59.0438
2017-07-19;58.9463
2017-07-18;59.085
2017-07-17;59.3801
2017-07-14;59.1478
2017-07-13;59.9495
2017-07-12;60.0259
2017-07-11;60.9481
2017-07-10;60.2948
2017-07-07;60.5355
2017-07-06;59.8795
2017-07-05;60.0544
2017-07-04;59.358
2017-07-03;59.3761
2017-06-30;59.1519
2017-06-29;59.2301
2017-06-28;59.4334
2017-06-27;58.9675
2017-06-26;59.0291
2017-06-23;59.4876
2017-06-22;59.886
2017-06-21;59.9023
2017-06-20;59.6614
2017-06-19;58.3691
2017-06-16;57.7501
2017-06-15;57.7295
2017-06-14;57.1237
2017-06-13;56.8716
2017-06-09;56.9657
2017-06-08;56.8528
2017-06-07;56.9067
2017-06-06;56.5779
2017-06-05;56.6398
2017-06-02;56.6748
2017-06-01;56.3284
2017-05-31;56.8369
2017-05-30;56.653
2017-05-29;56.3097
2017-05-26;56.7857
2017-05-25;56.6143
2017-05-24;56.5392
2017-05-23;56.298
2017-05-22;56.7061
2017-05-19;56.8328
2017-05-18;57.5643
2017-05-17;56.8925
2017-05-16;56.4103
2017-05-15;56.3426
2017-05-12;57.1347
2017-05-11;57.047
2017-05-10;57.4761
2017-05-05;58.1018
2017-05-04;58.2386
2017-05-03;57.2849
2017-05-02;56.998
2017-04-28;57.0077
2017-04-27;57.2505
2017-04-26;57.0564
2017-04-25;56.1645
2017-04-24;55.8499
2017-04-21;56.5069
2017-04-20;56.1843
2017-04-19;56.5005
2017-04-18;56.1576
2017-04-17;55.9277
2017-04-14;56.2525
2017-04-13;56.2355
2017-04-12;56.8847
2017-04-11;57.1084
2017-04-10;57.272
2017-04-07;57.1569
2017-04-06;56.3456
2017-04-05;56.2076
2017-04-04;56.1748
2017-04-03;56.3459
2017-03-31;56.4528
2017-03-30;56.0061
2017-03-29;56.6726
2017-03-28;56.8856
2017-03-27;56.8953
2017-03-24;57.1347
2017-03-23;57.466
2017-03-22;57.8207
2017-03-21;57.522
2017-03-20;57.3836
2017-03-17;57.7113
2017-03-16;57.8834
2017-03-15;59.0726
2017-03-14;59.2688
2017-03-13;58.934
2017-03-10;58.8902
2017-03-09;59.4066
2017-03-07;58.1234
2017-03-06;58.0825
2017-03-03;58.4666
2017-03-02;58.6897
2017-03-01;58.492
2017-02-28;58.3299
2017-02-27;57.9823
2017-02-24;58.3982
2017-02-22;57.8994
2017-02-21;57.7008
2017-02-20;58.0289
2017-02-17;58.1868
2017-02-16;57.547
2017-02-15;57.4137
2017-02-14;57.4646
2017-02-13;58.0408
2017-02-10;58.5064
2017-02-09;58.8767
2017-02-08;59.226
2017-02-07;59.2738
2017-02-06;59.0876
2017-02-03;58.9242
2017-02-02;59.6352
2017-02-01;60.215
2017-01-31;60.0031
2017-01-30;59.8653
2017-01-27;59.7063
2017-01-26;60.35
2017-01-25;59.1046
2017-01-24;59.2917
2017-01-23;59.4253
2017-01-20;59.7398
2017-01-19;59.9283
2017-01-18;59.3605
2017-01-17;59.3484
2017-01-16;59.9108
2017-01-13;59.7083
2017-01-12;59.2903
2017-01-11;60.4858
2017-01-10;59.9875
2017-01-09;60.0373
2017-01-06;59.4782
2017-01-05;59.2607
2017-01-04;60.6085
2017-01-03;60.5357
2016-12-30;61.0378
2016-12-29;60.7418
2016-12-28;60.413
2016-12-27;60.7259
2016-12-26;61.0034
2016-12-23;61.2389
2016-12-22;60.8507
2016-12-21;61.0874
2016-12-20;61.3855
2016-12-19;61.7656
2016-12-16;61.903
2016-12-15;61.9274
2016-12-14;61.118
2016-12-13;60.805
2016-12-12;61.0764
2016-12-09;62.6709
2016-12-08;63.3555
2016-12-07;63.8017
2016-12-06;63.9675
2016-12-05;63.5974
2016-12-02;63.8614
2016-12-01;63.8166
2016-11-30;64.4372
2016-11-29;65.3598
2016-11-28;64.8077
2016-11-25;64.8947
2016-11-24;64.39
2016-11-23;64.6105
2016-11-22;64.0112
2016-11-21;63.905
2016-11-18;64.8088
2016-11-17;64.6173
2016-11-16;64.582
2016-11-15;64.8073
2016-11-14;66.329
2016-11-11;65.9794
2016-11-10;64.7908
2016-11-09;63.9867
2016-11-08;63.7365
2016-11-07;63.813
2016-11-03;63.6635
2016-11-02;63.7355
2016-11-01;63.1182
2016-10-31;63.3918
2016-10-28;62.9183
2016-10-27;62.8288
2016-10-26;62.8696
2016-10-25;62.1454
2016-10-24;62.2198
2016-10-21;62.5243
2016-10-20;62.4346
2016-10-19;62.2778
2016-10-18;62.8522
2016-10-17;63.0802
2016-10-14;63.0143
2016-10-13;63.0166
2016-10-12;63.0495
2016-10-11;62.7055
2016-10-10;61.9315
2016-10-07;62.246
2016-10-06;62.2321
2016-10-05;62.4243
2016-10-04;62.48
2016-10-03;62.2966
2016-09-30;62.8851
2016-09-29;62.9974
2016-09-28;63.9751
2016-09-27;63.9482
2016-09-26;63.779
2016-09-23;63.7635
2016-09-22;63.6655
2016-09-21;64.2453
2016-09-20;64.7053
2016-09-19;64.5462
2016-09-16;64.9423
2016-09-15;64.7795
2016-09-14;65.0608
2016-09-13;65.1978
2016-09-12;64.6807
2016-09-09;64.679
2016-09-08;63.7677
2016-09-07;64.3265
2016-09-06;64.55
2016-09-05;65.0182
2016-09-02;65.085
2016-09-01;65.9043
2016-08-31;65.3607
2016-08-30;65.2505
2016-08-29;65.0531
2016-08-26;64.5085
2016-08-25;64.7318
2016-08-24;65.2243
2016-08-23;64.4628
2016-08-22;64.7216
2016-08-19;63.9293
2016-08-18;63.6501
2016-08-17;64.258
2016-08-16;63.8498
2016-08-15;64.0762
2016-08-12;64.9191
2016-08-11;64.5433
2016-08-10;64.6486
2016-08-09;64.6042
2016-08-08;64.6464
2016-08-05;65.4755
2016-08-04;66.0588
2016-08-03;66.3973
2016-08-02;66.7234
2016-08-01;66.498
2016-07-29;66.0432
2016-07-28;66.6775
2016-07-27;66.2618
2016-07-26;66.0379
2016-07-25;65.3862
2016-07-22;64.8536
2016-07-21;64.1209
2016-07-20;63.724
2016-07-19;63.3446
2016-07-18;62.9185
2016-07-15;63.4437
2016-07-14;62.9258
2016-07-13;64.0343
2016-07-12;63.9123
2016-07-11;64.022
2016-07-08;63.8689
2016-07-07;64.1881
2016-07-06;64.5149
2016-07-05;64.543
2016-07-04;63.8673
2016-07-01;64.0165
2016-06-30;64.0045
2016-06-29;63.8651
2016-06-28;64.6227
2016-06-27;65.2785
2016-06-24;65.0561
2016-06-23;64.2448
2016-06-22;64.4354
2016-06-21;63.9988
2016-06-20;64.1037
2016-06-17;64.96
2016-06-16;65.8125
2016-06-15;65.4135
2016-06-14;65.9977
2016-06-10;64.8544
2016-06-09;64.1046
2016-06-08;63.684
2016-06-07;64.7812
2016-06-06;65.3844
2016-06-03;65.8513
2016-06-02;67.233
2016-06-01;66.9715
2016-05-31;66.1519
2016-05-30;65.8817
2016-05-27;66.1814
2016-05-26;65.6353
2016-05-25;65.8779
2016-05-24;66.5788
2016-05-23;66.9203
2016-05-20;66.7132
2016-05-19;67.2979
2016-05-18;65.1659
2016-05-17;64.5441
2016-05-16;64.9401
2016-05-13;65.1718
2016-05-12;65.4116
2016-05-11;64.8752
2016-05-10;66.2038
2016-05-06;65.6824
2016-05-05;65.5281
2016-05-04;66.4707
2016-04-29;64.6879
2016-04-28;64.3457
2016-04-27;65.7431
2016-04-26;65.852
2016-04-25;66.4054
2016-04-22;66.533
2016-04-21;66.2532
2016-04-20;65.4714
2016-04-19;65.6173
2016-04-18;66.2774
2016-04-15;66.4008
2016-04-14;66.0073
2016-04-13;66.0024
2016-04-12;65.671
2016-04-11;66.6738
2016-04-08;67.2736
2016-04-07;68.1505
2016-04-06;67.8789
2016-04-05;69.1023
2016-04-04;68.2363
2016-04-01;67.8596
2016-03-31;67.2734
2016-03-30;67.6535
2016-03-29;68.9188
2016-03-28;68.404
2016-03-25;68.185
2016-03-24;69.4053
2016-03-23;68.4312
2016-03-22;67.4487
2016-03-21;67.8997
2016-03-18;68.1207
2016-03-17;68.1671
2016-03-16;70.513
2016-03-15;71.1242
2016-03-14;70.7511
2016-03-11;69.91
2016-03-10;71.1665
2016-03-09;70.986
2016-03-07;71.6798
2016-03-04;72.3137
2016-03-03;73.3211
2016-03-02;74.0084
2016-03-01;73.8787
2016-02-29;75.4022
2016-02-26;75.5577
2016-02-25;76.2226
2016-02-24;76.7467
2016-02-22;75.3824
2016-02-20;76.941
2016-02-19;77.8047
2016-02-18;75.6078
2016-02-17;75.7896
2016-02-16;77.9565
2016-02-15;77.4333
2016-02-12;78.8179
2016-02-11;80.3309
2016-02-10;78.2857
2016-02-09;78.6373
2016-02-08;78.0347
2016-02-05;77.2676
2016-02-04;76.2191
2016-02-03;78.9299
2016-02-02;79.0091
2016-02-01;76.4757
2016-01-29;75.4572
2016-01-28;76.7572
2016-01-27;78.1058
2016-01-26;78.6347
2016-01-25;79.3276
2016-01-22;78.28
2016-01-21;83.5966
2016-01-20;81.7509
2016-01-19;78.4923
2016-01-18;79.0151
2016-01-15;77.6122
2016-01-14;76.4029
2016-01-13;76.4976
2016-01-12;76.5756
2016-01-11;75.8013
2016-01-06;74.7748
2016-01-05;73.4283
2016-01-04;72.932
2015-12-30;73.3029
2015-12-29;72.1651
2015-12-28;72.119
2015-12-25;70.6774
2015-12-24;70.2978
2015-12-23;70.0887
2015-12-22;71.2165
2015-12-21;71.2594
2015-12-18;70.7151
2015-12-17;70.8268
2015-12-16;70.4132
2015-12-15;70.0504
2015-12-14;70.7222
2015-12-11;69.7454
2015-12-10;68.8579
2015-12-09;68.9002
2015-12-08;69.6721
2015-12-07;69.1425
2015-12-04;68.1145
2015-12-03;68.0733
2015-12-02;66.8649
2015-12-01;66.5556
2015-11-30;65.8683
2015-11-27;66.0597
2015-11-26;65.8375
2015-11-25;65.7101
2015-11-24;65.7312
2015-11-23;65.5547
2015-11-20;64.7686
2015-11-19;64.5554
2015-11-18;65.067
2015-11-17;65.2725
2015-11-16;66.4968
2015-11-13;66.7908
2015-11-12;65.8704
2015-11-11;64.8269
2015-11-10;64.4466
2015-11-09;64.5173
2015-11-06;64.681
2015-11-05;63.4248
2015-11-03;62.681
2015-11-02;64.04
2015-10-30;63.7532
2015-10-29;64.1032
2015-10-28;63.6403
2015-10-27;64.77
2015-10-26;62.8614
2015-10-23;62.2726
2015-10-22;62.6629
2015-10-21;62.858
2015-10-20;61.9836
2015-10-19;62.2303
2015-10-16;61.3854
2015-10-15;62.2542
2015-10-14;62.8831
2015-10-13;62.5696
2015-10-12;61.485
2015-10-09;61.4664
2015-10-08;62.1352
2015-10-07;62.6806
2015-10-06;63.6714
2015-10-05;64.6472
2015-10-02;66.4146
2015-10-01;65.5631
2015-09-30;65.5295
2015-09-29;65.5007
2015-09-28;65.64
2015-09-25;65.5023
2015-09-24;66.3764
2015-09-23;66.0758
2015-09-22;66.392
2015-09-21;66.2032
2015-09-18;66.0038
2015-09-17;66.1873
2015-09-16;65.1414
2015-09-15;66.951
2015-09-14;67.397
2015-09-11;67.7319
2015-09-10;67.6406
2015-09-09;68.1197
2015-09-08;68.0246
2015-09-07;69.0477
2015-09-04;67.4002
2015-09-03;66.9097
2015-09-02;67.4681
2015-09-01;66.4356
2015-08-31;65.4871
2015-08-28;65.2606
2015-08-27;66.3427
2015-08-26;69.35
2015-08-25;68.8805
2015-08-24;71.0435
2015-08-21;68.7302
2015-08-20;67.1334
2015-08-19;66.3821
2015-08-18;65.8093
2015-08-17;65.2116
2015-08-14;64.5932
2015-08-13;64.7633
2015-08-12;64.3053
2015-08-11;64.4043
2015-08-10;63.2111
2015-08-07;63.978
2015-08-06;64.353
2015-08-05;63.1915
2015-08-04;62.9957
2015-08-03;62.7837
2015-07-31;61.2298
2015-07-30;59.4168
2015-07-29;59.0129
2015-07-28;60.2281
2015-07-27;59.4208
2015-07-24;58.51
2015-07-23;57.5529
2015-07-22;57.1364
2015-07-21;56.9223
2015-07-20;56.899
2015-07-17;56.9714
2015-07-16;56.5952
2015-07-15;56.8548
2015-07-14;56.4125
2015-07-13;56.5385
2015-07-10;56.5158
2015-07-09;57.172
2015-07-08;57.3847
2015-07-07;57.4061
2015-07-06;56.5748
2015-07-03;55.9008
2015-07-02;55.4729
2015-07-01;55.5012
2015-06-30;55.4435
2015-06-29;55.5027
2015-06-26;54.9348
2015-06-25;54.6203
2015-06-24;54.6834
2015-06-23;54.1424
2015-06-22;53.8074
2015-06-19;54.1881
2015-06-18;53.267
2015-06-17;54.2455
2015-06-16;53.7399
2015-06-15;54.5238
2015-06-11;54.771
2015-06-10;54.2984
2015-06-09;55.5526
2015-06-08;56.2008
2015-06-05;56.411
2015-06-04;55.932
2015-06-03;54.1758
2015-06-02;53.1859
2015-06-01;53.3902
2015-05-29;52.3175
2015-05-28;52.7049
2015-05-27;51.6968
2015-05-26;50.7619
2015-05-25;50.0705
2015-05-22;49.9194
2015-05-21;49.8966
2015-05-20;49.9662
2015-05-19;49.4316
2015-05-18;49.1605
2015-05-15;49.5724
2015-05-14;50.0917
2015-05-13;48.962
2015-05-12;50.1663
2015-05-08;50.8007
2015-05-07;50.105
2015-05-06;50.6545
2015-05-05;50.56
2015-04-30;51.679
2015-04-29;51.023
2015-04-28;51.3323
2015-04-27;51.6638
2015-04-24;51.0897
2015-04-23;50.932
2015-04-22;52.6281
2015-04-21;53.4577
2015-04-20;53.2561
2015-04-17;52.2379
2015-04-16;50.0594
2015-04-15;50.2228
2015-04-14;51.0983
2015-04-13;52.62
2015-04-10;52.2253
2015-04-09;52.3486
2015-04-08;53.6695
2015-04-07;54.9905
2015-04-06;55.1708
2015-04-03;56.945
2015-04-02;56.6654
2015-04-01;57.5045
2015-03-31;58.1829
2015-03-30;57.81
2015-03-27;57.8083
2015-03-26;57.377
2015-03-25;57.6996
2015-03-24;57.93
2015-03-23;58.7711
2015-03-20;59.5211
2015-03-19;59.7277
2015-03-18;61.1303
2015-03-17;61.7131
2015-03-16;62.4011
2015-03-13;61.5221
2015-03-12;61.0387
2015-03-11;62.097
2015-03-10;62.0643
2015-03-06;60.263
2015-03-05;60.7826
2015-03-04;62.2918
2015-03-03;62.0989
2015-03-02;62.1865
2015-02-27;61.7981
2015-02-26;60.8112
2015-02-25;62.2319
2015-02-24;62.8267
2015-02-20;62.0217
2015-02-19;62.4724
2015-02-18;61.3432
2015-02-17;63.1608
2015-02-16;63.2
2015-02-13;63.3628
2015-02-12;65.8966
2015-02-11;66.7357
2015-02-10;66.4695
2015-02-09;65.5432
2015-02-06;66.9165
2015-02-05;66.4073
2015-02-04;67.7008
2015-02-03;66.2416
2015-02-02;68.6664
2015-01-30;70.3983
2015-01-29;69.0976
2015-01-28;67.8168
2015-01-27;67.314
2015-01-26;66.2336
2015-01-23;64.136
2015-01-22;64.2484
2015-01-21;65.1614
2015-01-20;65.4407
2015-01-19;64.7999
2015-01-16;65.1327
2015-01-15;64.5997
2015-01-14;65.9089
2015-01-13;65.45
2015-01-12;63.016
2015-01-09;60.9974
2015-01-08;60.024
2015-01-06;62.5046
2015-01-05;59.4165
2014-12-30;55.6233
2014-12-29;56.77
2014-12-26;53.8959
2014-12-25;52.55
2014-12-24;54.1676
2014-12-23;55.406
2014-12-22;55.8
2014-12-19;59.2005
2014-12-18;60.63
2014-12-17;61.82
2014-12-16;72.2992
2014-12-15;62.494
2014-12-12;57.5405
2014-12-11;55.6358
2014-12-10;54.7688
2014-12-09;54.2016
2014-12-08;53.613
2014-12-05;53.0019
2014-12-04;54.2561
2014-12-03;53.2
2014-12-02;53.8882
2014-12-01;51.8786
2014-11-28;49.5865
2014-11-27;47.9357
2014-11-26;47.1262
2014-11-25;45.7028
2014-11-24;44.7717
2014-11-21;45.791
2014-11-20;46.3335
2014-11-19;46.8321
2014-11-18;46.902
2014-11-17;47.2866
2014-11-14;47.141
2014-11-13;46.44
2014-11-12;45.63
2014-11-11;46.3845
2014-11-10;45.6546
2014-11-07;46.8
2014-11-06;46.3759
2014-11-05;44.6798
2014-11-03;43.5625
2014-10-31;42.9608
2014-10-30;41.6637
2014-10-29;42.8065
2014-10-28;42.4793
2014-10-27;42.2536
2014-10-24;41.9405
2014-10-23;41.7463
2014-10-22;41.3301
2014-10-21;40.9587
2014-10-20;41.032
2014-10-17;40.6523
2014-10-16;40.9965
2014-10-15;40.6594
2014-10-14;40.8437
2014-10-13;40.49
2014-10-10;40.376
2014-10-09;40.05
2014-10-08;40.1443
2014-10-07;39.945
2014-10-06;39.8824
2014-10-03;39.9387
2014-10-02;39.6396
2014-10-01;39.6555
2014-09-30;39.6005
2014-09-29;39.4339
2014-09-26;39.105
2014-09-25;38.479
2014-09-24;38.1805
2014-09-23;38.5803
2014-09-22;38.6655
2014-09-19;38.5396
2014-09-18;38.4343
2014-09-17;38.363
2014-09-16;38.7183
2014-09-15;38.3475
2014-09-12;37.869
2014-09-11;37.4922
2014-09-10;37.3373
2014-09-09;37.1034
2014-09-08;37.0504
2014-09-05;36.9489
2014-09-04;36.9735
2014-09-03;36.8422
2014-09-02;37.4459
2014-09-01;37.2469
2014-08-29;37.076
2014-08-28;36.776
2014-08-27;36.1779
2014-08-26;36.1035
2014-08-25;36.155
2014-08-22;36.1691
2014-08-21;36.1015
2014-08-20;36.2619
2014-08-19;36.1815
2014-08-18;36.105
2014-08-15;36.237
2014-08-14;35.988
2014-08-13;36.0915
2014-08-12;36.1115
2014-08-11;35.9259
2014-08-08;36.2778
2014-08-07;36.2772
2014-08-06;36.223
2014-08-05;35.9021
2014-08-04;35.8333
2014-08-01;35.7145
2014-07-31;35.6474
2014-07-30;35.6175
2014-07-29;35.74
2014-07-28;35.4872
2014-07-25;35.095
2014-07-24;35.0406
2014-07-23;34.8395
2014-07-22;34.9581
2014-07-21;35.1964
2014-07-18;35.11
2014-07-17;34.9324
2014-07-16;34.398
2014-07-15;34.3843
2014-07-14;34.315
2014-07-11;34.1605
2014-07-10;34.0388
2014-07-09;33.9675
2014-07-08;34.288
2014-07-07;34.42
2014-07-04;34.4929
2014-07-03;34.3036
2014-07-02;34.3089
2014-07-01;34.2998
2014-06-30;34.049
2014-06-27;33.7302
2014-06-26;33.6925
2014-06-25;33.757
2014-06-24;33.6699
2014-06-23;34.2
2014-06-20;34.455
2014-06-19;34.3375
2014-06-18;34.5362
2014-06-17;34.8488
2014-06-16;34.6618
2014-06-11;34.3996
2014-06-10;34.3076
2014-06-09;34.3666
2014-06-06;34.4175
2014-06-05;34.7301
2014-06-04;35.0926
2014-06-03;35.0481
2014-06-02;34.885
2014-05-30;34.8179
2014-05-29;34.6771
2014-05-28;34.544
2014-05-27;34.4085
2014-05-26;34.179
2014-05-23;34.1648
2014-05-22;34.3216
2014-05-21;34.4366
2014-05-20;34.5427
2014-05-19;34.531
2014-05-16;34.7513
2014-05-15;34.7478
2014-05-14;34.7055
2014-05-13;34.7929
2014-05-12;35.1
2014-05-08;35.0406
2014-05-07;34.984
2014-05-06;35.4195
2014-05-05;35.769
2014-05-02;35.7784
2014-04-30;35.6045
2014-04-29;35.6342
2014-04-28;35.922
2014-04-25;36.0362
2014-04-24;35.7579
2014-04-23;35.7213
2014-04-22;35.7
2014-04-21;35.6679
2014-04-18;35.6014
2014-04-17;35.7173
2014-04-16;36.091
2014-04-15;36.1355
2014-04-14;35.9094
2014-04-11;35.6406
2014-04-10;35.503
2014-04-09;35.7091
2014-04-08;35.6255
2014-04-07;35.621
2014-04-04;35.2912
2014-04-03;35.5505
2014-04-02;35.3877
2014-04-01;35.0538
2014-03-31;35.175
2014-03-28;35.6883
2014-03-27;35.5708
2014-03-26;35.4466
2014-03-25;35.65
2014-03-24;36.13
2014-03-21;36.2521
2014-03-20;36.1508
2014-03-19;35.9474
2014-03-18;36.24
2014-03-17;36.2749
2014-03-14;36.6845
2014-03-13;36.489
2014-03-12;36.485
2014-03-11;36.419
2014-03-07;36.4052
2014-03-06;36.1886
2014-03-05;36.0087
2014-03-04;36.0886
2014-03-03;36.404
2014-02-28;35.9086
2014-02-27;36.1903
2014-02-26;35.9925
2014-02-25;35.6569
2014-02-24;35.5643
2014-02-21;35.621
2014-02-20;35.8016
2014-02-19;35.8343
2014-02-18;35.2718
2014-02-17;35.243
2014-02-14;35.0924
2014-02-13;35.241
2014-02-12;34.8313
2014-02-11;34.8312
2014-02-10;34.8125
2014-02-07;34.7245
2014-02-06;34.7359
2014-02-05;34.8153
2014-02-04;35.1437
2014-02-03;35.1492
2014-01-31;35.2178
2014-01-30;34.8977
2014-01-29;35.238
2014-01-28;34.7409
2014-01-27;34.5838
2014-01-24;34.5156
2014-01-23;34.1284
2014-01-22;33.927
2014-01-21;33.9539
2014-01-20;33.782
2014-01-17;33.5566
2014-01-16;33.385
2014-01-15;33.4075
2014-01-14;33.3339
2014-01-13;33.2007
2014-01-10;33.1549
2014-01-09;33.2343
2014-01-08;33.1445
2014-01-06;33.2713
2013-12-30;32.8383
2013-12-27;32.5777
2013-12-26;32.663
2013-12-25;32.665
2013-12-24;32.6382
2013-12-23;32.6844
2013-12-20;32.983
2013-12-19;32.9788
2013-12-18;32.8927
2013-12-17;32.9413
2013-12-16;32.91
2013-12-13;32.8819
2013-12-12;32.772
2013-12-11;32.7379
2013-12-10;32.7111
2013-12-09;32.6968
2013-12-06;32.8153
2013-12-05;33.0437
2013-12-04;33.224
2013-12-03;33.2507
2013-12-02;33.182
2013-11-29;33.2139
2013-11-28;33.1377
2013-11-27;33.0987
2013-11-26;33.0093
2013-11-25;33.0181
2013-11-22;32.794
2013-11-21;33.0071
2013-11-20;32.8393
2013-11-19;32.7172
2013-11-18;32.5288
2013-11-15;32.5806
2013-11-14;32.7381
2013-11-13;32.8494
2013-11-12;32.8845
2013-11-11;32.723
2013-11-08;32.6972
2013-11-07;32.3768
2013-11-06;32.3904
2013-11-05;32.4868
2013-11-01;32.3548
2013-10-31;32.1349
2013-10-30;31.9857
2013-10-29;32.0197
2013-10-28;31.8899
2013-10-25;31.7612
2013-10-24;31.6855
2013-10-23;31.7606
2013-10-22;31.7155
2013-10-21;31.9046
2013-10-18;31.8484
2013-10-17;31.931
2013-10-16;32.1576
2013-10-15;32.2691
2013-10-14;32.2759
2013-10-11;32.2693
2013-10-10;32.1773
2013-10-09;32.3619
2013-10-08;32.2162
2013-10-07;32.2825
2013-10-04;32.1775
2013-10-03;32.1345
2013-10-02;32.2165
2013-10-01;32.239
2013-09-30;32.3956
2013-09-27;32.3574
2013-09-26;32.2326
2013-09-25;32.0775
2013-09-24;31.8996
2013-09-23;31.8525
2013-09-20;31.7974
2013-09-19;31.681
2013-09-18;32.2842
2013-09-17;32.2309
2013-09-16;32.2562
2013-09-13;32.501
2013-09-12;32.6019
2013-09-11;32.8569
2013-09-10;32.9268
2013-09-09;33.1274
2013-09-06;33.3267
2013-09-05;33.4441
2013-09-04;33.3739
2013-09-03;33.4694
2013-09-02;33.3475
2013-08-30;33.3055
2013-08-29;33.2248
2013-08-28;33.1937
2013-08-27;33.1916
2013-08-26;32.9958
2013-08-23;32.9701
2013-08-22;33.1019
2013-08-21;33.0377
2013-08-20;32.9269
2013-08-19;32.9318
2013-08-16;32.8552
2013-08-15;33.0191
2013-08-14;33.0715
2013-08-13;33.1261
2013-08-12;32.9732
2013-08-09;32.8581
2013-08-08;32.9316
2013-08-07;32.9983
2013-08-06;32.9415
2013-08-05;32.8761
2013-08-02;32.814
2013-08-01;33.0827
2013-07-31;32.9948
2013-07-30;32.9459
2013-07-29;32.8365
2013-07-26;32.778
2013-07-25;32.6344
2013-07-24;32.3809
2013-07-23;32.3535
2013-07-22;32.3153
2013-07-19;32.3992
2013-07-18;32.4008
2013-07-17;32.3785
2013-07-16;32.4477
2013-07-15;32.6454
2013-07-12;32.6554
2013-07-11;32.5795
2013-07-10;32.9486
2013-07-09;33.0502
2013-07-08;33.267
2013-07-05;33.3381
2013-07-04;33.1912
2013-07-03;33.219
2013-07-02;33.0782
2013-07-01;32.9602
2013-06-28;32.8607
2013-06-27;32.7648
2013-06-26;32.979
2013-06-25;32.8818
2013-06-24;32.9634
2013-06-21;32.8492
2013-06-20;32.8639
2013-06-19;32.2812
2013-06-18;32.0079
2013-06-17;31.7686
2013-06-14;31.6424
2013-06-13;32.0073
2013-06-11;32.4394
2013-06-10;32.3383
2013-06-07;32.2096
2013-06-06;32.243
2013-06-05;32.1272
2013-06-04;31.9603
2013-06-03;31.939
2013-05-31;31.9426
2013-05-30;31.7507
2013-05-29;31.5325
2013-05-28;31.4692
2013-05-27;31.3496
2013-05-24;31.3324
2013-05-23;31.4115
2013-05-22;31.2114
2013-05-21;31.282
2013-05-20;31.2774
2013-05-17;31.4213
2013-05-16;31.3438
2013-05-15;31.5217
2013-05-14;31.3493
2013-05-13;31.3748
2013-05-10;31.4238
2013-05-08;31.0838
2013-05-07;31.0316
2013-05-06;31.0876
2013-05-03;31.0225
2013-05-02;31.254
2013-04-30;31.0265
2013-04-29;30.9358
2013-04-26;31.2708
2013-04-25;31.142
2013-04-24;31.5388
2013-04-23;31.6475
2013-04-22;31.6826
2013-04-19;31.5482
2013-04-18;31.6842
2013-04-17;31.6877
2013-04-16;31.3999
2013-04-15;31.3465
2013-04-12;31.0605
2013-04-11;30.812
2013-04-10;30.8853
2013-04-09;31.1943
2013-04-08;31.2556
2013-04-05;31.6282
2013-04-04;31.6639
2013-04-03;31.54
2013-04-02;31.2854
2013-04-01;31.1271
2013-03-29;31.039
2013-03-28;31.0547
2013-03-27;31.041
2013-03-26;30.8836
2013-03-25;30.8473
2013-03-22;30.8691
2013-03-21;30.9395
2013-03-20;30.8631
2013-03-19;30.8715
2013-03-18;30.839
2013-03-15;30.6299
2013-03-14;30.745
2013-03-13;30.787
2013-03-12;30.6687
2013-03-11;30.7696
2013-03-07;30.6642
2013-03-06;30.7246
2013-03-05;30.6892
2013-03-04;30.7894
2013-03-01;30.741
2013-02-28;30.5426
2013-02-27;30.6057
2013-02-26;30.5472
2013-02-25;30.2644
2013-02-22;30.3975
2013-02-21;30.3778
2013-02-20;30.0879
2013-02-19;30.1175
2013-02-18;30.1361
2013-02-15;30.1256
2013-02-14;30.1314
2013-02-13;30.0477
2013-02-12;30.1041
2013-02-11;30.1932
2013-02-08;30.1267
2013-02-07;30.1281
2013-02-06;30.0755
2013-02-05;30.056
2013-02-04;29.9954
2013-02-01;29.9395
2013-01-31;30.039
2013-01-30;30.0396
2013-01-29;30.0662
2013-01-28;30.093
2013-01-25;30.0436
2013-01-24;30.1079
2013-01-23;30.1692
2013-01-22;30.2385
2013-01-21;30.2745
2013-01-18;30.2621
2013-01-17;30.2787
2013-01-16;30.3712
2013-01-15;30.2763
2013-01-14;30.2794
2013-01-11;30.2806
2013-01-10;30.2165
2013-01-09;30.4483
2013-01-08;30.2696
2012-12-28;30.4183
2012-12-27;30.3353
2012-12-26;30.5157
2012-12-25;30.6672
2012-12-24;30.5811
2012-12-21;30.8261
2012-12-20;30.6509
2012-12-19;30.7051
2012-12-18;30.8453
2012-12-17;31.0056
2012-12-14;30.7436
2012-12-13;30.678
2012-12-12;30.6046
2012-12-11;30.7465
2012-12-10;30.7505
2012-12-07;30.8683
2012-12-06;30.8795
2012-12-05;30.7892
2012-12-04;30.8535
2012-12-03;30.9035
2012-11-30;30.91
2012-11-29;30.8403
2012-11-28;31.1766
2012-11-27;31.0349
2012-11-26;31.0292
2012-11-23;31.1074
2012-11-22;31.151
2012-11-21;31.177
2012-11-20;31.3525
2012-11-19;31.5044
2012-11-16;31.7259
2012-11-15;31.6707
2012-11-14;31.6702
2012-11-13;31.7934
2012-11-12;31.621
2012-11-09;31.6342
2012-11-08;31.4908
2012-11-07;31.4625
2012-11-06;31.4709
2012-11-02;31.4667
2012-11-01;31.2775
2012-10-31;31.3323
2012-10-30;31.3698
2012-10-29;31.4903
2012-10-26;31.3853
2012-10-25;31.3354
2012-10-24;31.3233
2012-10-23;31.5026
2012-10-22;31.0851
2012-10-19;30.8325
2012-10-18;30.7818
2012-10-17;30.75
2012-10-16;30.8966
2012-10-15;31.0799
2012-10-12;31.021
2012-10-11;31.0026
2012-10-10;31.0989
2012-10-09;31.133
2012-10-08;31.1729
2012-10-05;30.9192
2012-10-04;31.0195
2012-10-03;31.1578
2012-10-02;31.0879
2012-10-01;31.0552
2012-09-28;31.2052
2012-09-27;31.1013
2012-09-26;31.3094
2012-09-25;30.979
2012-09-24;31.1802
2012-09-21;31.0449
2012-09-20;31.2495
2012-09-19;31.21
2012-09-18;30.903
2012-09-17;30.6025
2012-09-14;30.5478
2012-09-13;31.3423
2012-09-12;31.5272
2012-09-11;31.5788
2012-09-10;31.6697
2012-09-07;31.6728
2012-09-06;32.0058
2012-09-05;32.3187
2012-09-04;32.2774
2012-09-03;32.3151
2012-08-31;32.3365
2012-08-30;32.5792
2012-08-29;32.1499
2012-08-28;32.0043
2012-08-27;31.8577
2012-08-24;31.8471
2012-08-23;31.7241
2012-08-22;31.8574
2012-08-21;31.7269
2012-08-20;32.0714
2012-08-17;32.0969
2012-08-16;31.9111
2012-08-15;31.916
2012-08-14;31.8423
2012-08-13;31.823
2012-08-10;31.8176
2012-08-09;31.68
2012-08-08;31.591
2012-08-07;31.6131
2012-08-06;31.5995
2012-08-03;32.0071
2012-08-02;32.48
2012-08-01;32.3505
2012-07-31;32.1892
2012-07-30;32.1804
2012-07-27;32.0734
2012-07-26;32.319
2012-07-25;32.7107
2012-07-24;32.751
2012-07-23;32.6743
2012-07-20;32.0492
2012-07-19;31.9665
2012-07-18;32.32
2012-07-17;32.61
2012-07-16;32.5917
2012-07-13;32.6217
2012-07-12;32.8116
2012-07-11;32.6972
2012-07-10;32.9106
2012-07-09;33.0006
2012-07-06;32.8282
2012-07-05;32.5573
2012-07-04;32.31
2012-07-03;32.1587
2012-07-02;32.61
2012-06-29;32.4093
2012-06-28;33.109
2012-06-27;32.9819
2012-06-26;32.8995
2012-06-25;33.3068
2012-06-22;33.1733
2012-06-21;32.9194
2012-06-20;32.5137
2012-06-19;32.4769
2012-06-18;32.4459
2012-06-15;32.4618
2012-06-14;32.5863
2012-06-13;32.4372
2012-06-09;32.6375
2012-06-08;32.7003
2012-06-07;32.2212
2012-06-06;32.4327
2012-06-05;33.0134
2012-06-04;33.4798
2012-06-01;33.6225
2012-05-31;33.523
2012-05-30;32.7066
2012-05-29;32.1569
2012-05-28;32.0974
2012-05-25;32.0064
2012-05-24;31.6769
2012-05-23;31.6617
2012-05-22;31.1287
2012-05-21;31.1711
2012-05-18;31.2669
2012-05-17;31.021
2012-05-16;30.9112
2012-05-15;30.5624
2012-05-14;30.3934
2012-05-12;30.2121
2012-05-11;30.1283
2012-05-10;30.0997
2012-05-08;29.8043
2012-05-07;29.8043
2012-05-05;29.7873
2012-05-04;29.7368
2012-05-03;29.4877
2012-05-02;29.4145
2012-04-28;29.395
2012-04-27;29.3067
2012-04-26;29.3027
2012-04-25;29.3654
2012-04-24;29.3817
2012-04-23;29.5594
2012-04-20;29.4389
2012-04-19;29.5136
2012-04-18;29.4888
2012-04-17;29.52
2012-04-16;29.6508
2012-04-13;29.5833
2012-04-12;29.4506
2012-04-11;29.6208
2012-04-10;29.6998
2012-04-09;29.6356
2012-04-06;29.565
2012-04-05;29.4922
2012-04-04;29.4923
2012-04-03;29.1745
2012-04-02;29.41
2012-03-30;29.4644
2012-03-29;29.5016
2012-03-28;29.3874
2012-03-27;29.0031
2012-03-26;28.9721
2012-03-23;29.3415
2012-03-22;29.4317
2012-03-21;29.2198
2012-03-20;29.2478
2012-03-19;29.2176
2012-03-16;29.2923
2012-03-15;29.3836
2012-03-14;29.4632
2012-03-13;29.5038
2012-03-12;29.6262
2012-03-11;29.5173
2012-03-07;29.7395
2012-03-06;29.6458
2012-03-05;29.3315
2012-03-02;29.257
2012-03-01;29.2749
2012-02-29;29.0797
2012-02-28;29.1215
2012-02-27;29.0611
2012-02-24;29.2076
2012-02-22;29.6734
2012-02-21;29.7989
2012-02-20;29.776
2012-02-17;29.8983
2012-02-16;30.2503
2012-02-15;30.0236
2012-02-14;30.0031
2012-02-13;29.8956
2012-02-10;30.0933
2012-02-09;29.7156
2012-02-08;29.7875
2012-02-07;29.8319
2012-02-06;30.1492
2012-02-03;30.1944
2012-02-02;30.2166
2012-02-01;30.2069
2012-01-31;30.1927
2012-01-30;30.4411
2012-01-27;30.2684
2012-01-26;30.2217
2012-01-25;30.6766
2012-01-24;30.8947
2012-01-23;30.9356
2012-01-20;31.3384
2012-01-19;31.3891
2012-01-18;31.5326
2012-01-17;31.6354
2012-01-16;31.7073
2012-01-13;31.8366
2012-01-12;31.575
2012-01-11;31.7774
2012-01-10;31.5928
2012-01-09;31.8866
2012-01-06;31.9275
2012-01-05;32.0059
2012-01-04;31.7937
2012-01-03;31.699
2011-12-30;32.1032
2011-12-29;32.2005
2011-12-28;31.7017
2011-12-27;31.3513
2011-12-26;31.0871
2011-12-23;31.2212
2011-12-22;31.3958
2011-12-21;31.7287
2011-12-20;31.9243
2011-12-19;32.028
2011-12-16;31.9892
2011-12-15;31.8159
2011-12-14;31.8178
2011-12-13;31.6325
2011-12-12;31.5655
2011-12-09;31.4804
2011-12-08;31.388
2011-12-07;31.2928
2011-12-06;31.2267
2011-12-05;30.864
2011-12-02;30.8572
2011-12-01;30.7602
2011-11-30;30.7201
2011-11-29;31.3443
2011-11-28;31.2727
2011-11-25;31.5437
2011-11-24;31.4951
2011-11-23;31.3453
2011-11-22;31.0586
2011-11-21;31.0699
2011-11-18;30.861
2011-11-17;30.8409
2011-11-16;30.7507
2011-11-15;30.6586
2011-11-14;30.4924
2011-11-11;30.4723
2011-11-10;30.5214
2011-11-09;30.6408
2011-11-08;30.2176
2011-11-07;30.4836
2011-11-03;30.5438
2011-11-02;30.577
2011-11-01;30.735
2011-10-31;30.1474
2011-10-28;29.6937
2011-10-27;29.9845
2011-10-26;30.6598
2011-10-25;30.4987
2011-10-24;30.6327
2011-10-21;31.1036
2011-10-20;31.3247
2011-10-19;31.0001
2011-10-18;31.2855
2011-10-17;30.9188
2011-10-14;30.8916
2011-10-13;31.2622
2011-10-12;31.0795
2011-10-11;31.5699
2011-10-10;31.5381
2011-10-07;32.0517
2011-10-06;32.3522
2011-10-05;32.5515
2011-10-04;32.7761
2011-10-03;32.6021
2011-09-30;32.245
2011-09-29;31.8709
2011-09-28;31.7678
2011-09-27;31.7318
2011-09-26;32.4462
2011-09-23;32.0653
2011-09-22;32.0655
2011-09-21;31.4881
2011-09-20;31.3679
2011-09-19;31.298
2011-09-16;30.5377
2011-09-15;30.3856
2011-09-14;30.425
2011-09-13;30.1986
2011-09-12;30.2588
2011-09-09;29.9303
2011-09-08;29.5873
2011-09-07;29.5115
2011-09-06;29.606
2011-09-05;29.5025
2011-09-02;29.1429
2011-09-01;28.9864
2011-08-31;28.8659
2011-08-30;28.9253
2011-08-29;28.7682
2011-08-26;29.0036
2011-08-25;28.9088
2011-08-24;28.8945
2011-08-23;29.0051
2011-08-22;29.0699
2011-08-19;29.0212
2011-08-18;29.201
2011-08-17;28.7116
2011-08-16;28.7101
2011-08-15;28.6964
2011-08-12;29.1617
2011-08-11;29.4898
2011-08-10;29.7256
2011-08-09;29.6026
2011-08-08;28.9458
2011-08-05;28.296
2011-08-04;28.0808
2011-08-03;27.8927
2011-08-02;27.7605
2011-08-01;27.6842
2011-07-29;27.691
2011-07-28;27.6054
2011-07-27;27.4989
2011-07-26;27.5711
2011-07-25;27.7161
2011-07-22;27.786
2011-07-21;27.8082
2011-07-20;27.9698
2011-07-19;28.0724
2011-07-18;28.1909
2011-07-15;28.1098
2011-07-14;28.0302
2011-07-13;28.1726
2011-07-12;28.2978
2011-07-11;28.2105
2011-07-08;27.9824
2011-07-07;27.898
2011-07-06;27.9986
2011-07-05;27.8546
2011-07-04;27.8148
2011-07-01;27.8887
2011-06-30;27.9117
2011-06-29;27.9934
2011-06-28;28.1598
2011-06-27;28.3295
2011-06-24;28.1823
2011-06-23;28.2387
2011-06-22;27.9495
2011-06-21;27.9766
2011-06-20;28.0405
2011-06-17;28.0461
2011-06-16;28.1752
2011-06-15;27.9865
2011-06-14;27.8713
2011-06-10;27.8374
2011-06-09;27.7528
2011-06-08;27.7084
2011-06-07;27.7291
2011-06-06;27.8241
2011-06-03;27.9223
2011-06-02;27.9048
2011-06-01;27.9212
2011-05-31;27.9568
2011-05-30;28.0845
2011-05-27;28.0743
2011-05-26;28.191
2011-05-25;28.4849
2011-05-24;28.3472
2011-05-23;28.5012
2011-05-20;28.0169
2011-05-19;27.9955
2011-05-18;28.075
2011-05-17;28.2339
2011-05-16;28.1229
2011-05-13;27.989
2011-05-12;27.9851
2011-05-11;27.706
2011-05-10;27.7624
2011-05-06;27.6526
2011-05-05;27.498
2011-05-04;27.1828
2011-05-03;27.3639
2011-04-29;27.3651
2011-04-28;27.5159
2011-04-27;27.6957
2011-04-26;27.792
2011-04-25;27.8934
2011-04-22;28.0188
2011-04-21;27.9612
2011-04-20;28.0889
2011-04-19;28.3281
2011-04-18;28.3756
2011-04-15;28.1532
2011-04-14;28.231
2011-04-13;28.1551
2011-04-12;28.0857
2011-04-11;28.0363
2011-04-08;27.9981
2011-04-07;28.2357
2011-04-06;28.188
2011-04-05;28.3166
2011-04-04;28.2993
2011-04-01;28.4178
2011-03-31;28.4109
2011-03-30;28.5768
2011-03-29;28.3975
2011-03-28;28.3252
2011-03-25;28.2925
2011-03-24;28.2787
2011-03-23;28.3533
2011-03-22;28.2251
2011-03-21;28.2888
2011-03-18;28.4874
2011-03-17;28.6406
2011-03-16;28.6737
2011-03-15;28.7889
2011-03-14;28.5344
2011-03-11;28.6924
2011-03-10;28.5707
2011-03-09;28.3435
2011-03-05;28.2144
2011-03-04;28.1724
2011-03-03;28.2056
2011-03-02;28.3799
2011-03-01;28.7165
2011-02-28;28.8405
2011-02-25;28.9523
2011-02-24;28.9898
2011-02-22;29.2413
2011-02-21;29.1771
2011-02-18;29.1643
2011-02-17;29.248
2011-02-16;29.2742
2011-02-15;29.3057
2011-02-14;29.2953
2011-02-11;29.3032
2011-02-10;29.3558
2011-02-09;29.281
2011-02-08;29.2506
2011-02-07;29.3453
2011-02-04;29.4381
2011-02-03;29.4254
2011-02-02;29.4509
2011-02-01;29.6205
2011-01-31;29.7569
2011-01-28;29.7632
2011-01-27;29.582
2011-01-26;29.7158
2011-01-25;29.7578
2011-01-24;29.8668
2011-01-21;29.9402
2011-01-20;29.9861
2011-01-19;29.8375
2011-01-18;29.8696
2011-01-17;29.9685
2011-01-14;30.058
2011-01-13;29.9702
2011-01-12;30.2294
2011-01-11;30.549
2010-12-30;30.5509
2010-12-29;30.4829
2010-12-28;30.2364
2010-12-27;30.3592
2010-12-24;30.4669
2010-12-23;30.6136
2010-12-22;30.6602
2010-12-21;30.7379
2010-12-20;30.7917
2010-12-17;30.8183
2010-12-16;30.7229
2010-12-15;30.6606
2010-12-14;30.7326
2010-12-13;30.7369
2010-12-10;30.957
2010-12-09;30.914
2010-12-08;31.0983
2010-12-07;31.0553
2010-12-06;31.3035
2010-12-03;31.25
2010-12-02;31.3313
2010-12-01;31.4378
2010-11-30;31.5049
2010-11-29;31.4037
2010-11-26;31.4007
2010-11-25;31.1754
2010-11-24;31.2594
2010-11-23;31.3808
2010-11-22;31.1135
2010-11-19;31.1042
2010-11-18;31.066
2010-11-17;31.3115
2010-11-16;31.1549
2010-11-15;30.9705
2010-11-13;30.7888
2010-11-12;30.7907
2010-11-11;30.6181
2010-11-10;30.7398
2010-11-09;30.6431
2010-11-08;30.8458
2010-11-03;30.8075
2010-11-02;30.785
2010-11-01;30.8214
2010-10-29;30.8782
2010-10-28;30.6542
2010-10-27;30.682
2010-10-26;30.4492
2010-10-25;30.2892
2010-10-22;30.3514
2010-10-21;30.6148
2010-10-20;30.8899
2010-10-19;30.6038
2010-10-18;30.4755
2010-10-15;30.2402
2010-10-14;30.0608
2010-10-13;30.1385
2010-10-12;30.1125
2010-10-11;29.8766
2010-10-08;29.9691
2010-10-07;29.7028
2010-10-06;29.878
2010-10-05;30.0971
2010-10-04;30.4485
2010-10-01;30.4859
2010-09-30;30.5911
2010-09-29;30.4218
2010-09-28;30.4486
2010-09-27;30.537
2010-09-24;30.7694
2010-09-23;31.0121
2010-09-22;31.033
2010-09-21;31.0512
2010-09-20;31.1145
2010-09-17;30.9694
2010-09-16;31.3279
2010-09-15;30.963
2010-09-14;30.6362
2010-09-13;30.705
2010-09-10;30.9117
2010-09-09;30.8345
2010-09-08;30.9032
2010-09-07;30.8296
2010-09-06;30.623
2010-09-03;30.6626
2010-09-02;30.7056
2010-09-01;30.7103
2010-08-31;30.7808
2010-08-30;30.6783
2010-08-27;30.6998
2010-08-26;30.7613
2010-08-25;30.9752
2010-08-24;30.7939
2010-08-23;30.6497
2010-08-20;30.6743
2010-08-19;30.4569
2010-08-18;30.4318
2010-08-17;30.4128
2010-08-16;30.4707
2010-08-13;30.5452
2010-08-12;30.6017
2010-08-11;30.3954
2010-08-10;30.116
2010-08-09;29.9226
2010-08-06;29.788
2010-08-05;29.8618
2010-08-04;29.7626
2010-08-03;29.7562
2010-08-02;30.0043
2010-07-30;30.2913
2010-07-29;30.1633
2010-07-28;30.2638
2010-07-27;30.2024
2010-07-26;30.3381
2010-07-23;30.3738
2010-07-22;30.4276
2010-07-21;30.4526
2010-07-20;30.5122
2010-07-19;30.5394
2010-07-16;30.4607
2010-07-15;30.445
2010-07-14;30.6046
2010-07-13;30.7258
2010-07-12;30.8026
2010-07-09;30.8944
2010-07-08;30.8558
2010-07-07;31.0918
2010-07-06;31.0534
2010-07-05;31.1581
2010-07-02;31.0994
2010-07-01;31.2009
2010-06-30;31.2644
2010-06-29;31.2701
2010-06-28;30.9978
2010-06-25;31.0933
2010-06-24;31.0968
2010-06-23;31.0596
2010-06-22;30.9058
2010-06-21;30.7694
2010-06-18;31.0166
2010-06-17;30.9438
2010-06-16;31.2362
2010-06-15;31.3464
2010-06-11;31.5973
2010-06-10;31.5784
2010-06-09;31.6267
2010-06-08;31.8545
2010-06-07;31.7191
2010-06-04;31.4307
2010-06-03;31.0365
2010-06-02;31.222
2010-06-01;31.0175
2010-05-31;30.8752
2010-05-28;30.6581
2010-05-27;30.8128
2010-05-26;31.1849
2010-05-25;31.6282
2010-05-24;31.049
2010-05-21;31.1907
2010-05-20;31.3855
2010-05-19;30.768
2010-05-18;30.2591
2010-05-17;30.5424
2010-05-14;30.193
2010-05-13;30.0003
2010-05-12;29.9485
2010-05-11;30.2134
2010-05-07;30.6069
2010-05-06;30.4608
2010-05-05;30.0427
2010-05-04;29.5247
2010-04-30;29.1778
2010-04-29;29.2237
2010-04-28;29.298
2010-04-27;29.1815
2010-04-26;29.1159
2010-04-23;29.2405
2010-04-22;29.2321
2010-04-21;29.1262
2010-04-20;29.0944
2010-04-19;29.1931
2010-04-16;29.038
2010-04-15;29.0275
2010-04-14;28.9729
2010-04-13;29.0385
2010-04-12;29.0318
2010-04-09;29.2626
2010-04-08;29.4541
2010-04-07;29.3169
2010-04-06;29.3611
2010-04-05;29.1818
2010-04-02;29.2281
2010-04-01;29.3587
2010-03-31;29.4534
2010-03-30;29.452
2010-03-29;29.5702
2010-03-26;29.6174
2010-03-25;29.6426
2010-03-24;29.6426
2010-03-23;29.5094
2010-03-22;29.6117
2010-03-19;29.2918
2010-03-18;29.2324
2010-03-17;29.1588
2010-03-16;29.3603
2010-03-15;29.4408
2010-03-12;29.2913
2010-03-11;29.4635
2010-03-10;29.575
2010-03-09;29.799
2010-03-05;29.7887
2010-03-04;29.7807
2010-03-03;29.842
2010-03-02;29.9073
2010-03-01;29.9556
2010-02-27;29.9546
2010-02-26;29.9769
2010-02-25;30.0993
2010-02-24;30.02
2010-02-19;30.0635
